<?xml version="1.0" encoding="utf-8"?>
<extension type="module" version="4.0" client="site" method="upgrade">
    <name>mod_quicksearch</name>
    <author>Bạn</author>
    <version>1.0.0</version>
    <description>Module lọc sản phẩm theo giá và hãng</description>

    <config>
        <fields name="params">
            <fieldset name="basic" label="Cấu hình lọc sản phẩm">
                <field name="max_price" type="text" label="Giá tối đa" default="71000000"
                       description="Giá cao nhất để kéo slider"/>
                <field name="brands" type="textarea" label="Danh sách hãng"
                       description="Mỗi hãng một dòng (ví dụ: Samsung, Apple)"/>
            </fieldset>
        </fields>
    </config>

    <files>
        <filename module="mod_quicksearch">mod_quicksearch.php</filename>
        <filename>helper.php</filename>
        <folder>tmpl</folder>
    </files>
</extension>
